华为（HUAWEI）荣耀路由器X1智能双频千兆光纤家用无线穿墙王wifi信号放大器路由稳定中继存储 荣耀X1增强版,
//m.360buyimg.com/mobilecms/s750x750_jfs/t1/39453/3/6636/132436/5cd23f03Ebdb94dd9/7bc130253ae27903.jpg!q80.dpg.webp#
//m.360buyimg.com/mobilecms/s843x843_jfs/t27877/239/2516801022/357931/588d9ae1/5c022e89Nb05cc785.jpg!q70.dpg.webp#
//m.360buyimg.com/mobilecms/s843x843_jfs/t27619/1/2453054585/59094/39bf86ad/5c022dfaNa654042b.jpg!q70.dpg.webp#
//m.360buyimg.com/mobilecms/s843x843_jfs/t29569/113/1072359487/250455/5050c3d4/5c04fd65N7dafa86e.jpg!q70.dpg.webp#
//m.360buyimg.com/mobilecms/s843x843_jfs/t27889/221/2474522079/512947/57d5dacc/5c022e89N994da31d.jpg!q70.dpg.webp#
//m.360buyimg.com/mobilecms/s843x843_jfs/t26845/233/2590766361/159218/541b9377/5c04fd64N0f7faa07.jpg!q70.dpg.webp#
//m.360buyimg.com/mobilecms/s843x843_jfs/t1/17859/13/4632/73987/5c334756Ec5d4d67c/5e7d4b56ef72433e.jpg!q70.dpg.webp#
//img10.360buyimg.com/imgzone/jfs/t1/33162/28/13776/266967/5d07a88dEbb3b7ac6/26c05c8e698a2e00.jpg!q70.dpg.webp#
//img10.360buyimg.com/imgzone/jfs/t1/14594/29/11873/522943/5c9365baEf3102d77/e6f6a0a7702e99c9.jpg!q70.dpg.webp#
//img14.360buyimg.com/imgzone/jfs/t1/10212/27/15501/423649/5c9365baE685af81b/9d57ebf7567d8c5a.jpg!q70.dpg.webp#
//img14.360buyimg.com/imgzone/jfs/t1/25006/34/11858/157209/5c9365bbE7872b3b6/1634d07d55716c13.jpg!q70.dpg.webp#
//img12.360buyimg.com/imgzone/jfs/t1/20695/10/11952/563608/5c9365bbE6c951557/77fe697d9b1c2bc0.jpg!q70.dpg.webp#
//img12.360buyimg.com/imgzone/jfs/t1/11901/25/12768/374090/5c9365bbE0a23cbc9/7a9847fede7efec0.jpg!q70.dpg.webp#
//img13.360buyimg.com/imgzone/jfs/t1/25441/2/11917/521243/5c9365bbE3d90cfc9/e3b28422710228c6.jpg!q70.dpg.webp#
//img14.360buyimg.com/imgzone/jfs/t1/29721/15/11796/400575/5c9365bbE3d2faafb/13e7e3b57f9417a7.jpg!q70.dpg.webp#
//img14.360buyimg.com/imgzone/jfs/t1/32740/14/7012/484452/5c9365bbE30c3c36e/7680695da6d65e3c.jpg!q70.dpg.webp#
//img13.360buyimg.com/imgzone/jfs/t1/31447/35/6980/405058/5c9365bcE9ce14451/73bda095fb0eafaa.jpg!q70.dpg.webp#
//img12.360buyimg.com/imgzone/jfs/t1/32766/5/7011/166678/5c9365bcE3d8af1ce/7e4562c8378f6648.jpg!q70.dpg.webp#
//img13.360buyimg.com/imgzone/jfs/t1/17451/22/11959/375604/5c9365bcEfe62e737/f3a0b260d112228f.jpg!q70.dpg.webp,
买的第二个，很不错，,"简单易用,非常非常满意",
联想K5 Pro 6GB+128GB 格调黑 千元影霸 1600万AI四摄 4050mAh大电池 全网通4G手机 双卡双待,
//m.360buyimg.com/mobilecms/s750x750_jfs/t1/1517/6/11867/313846/5bd128dfE2737a9b0/37c9d72248e6f2ca.png!q80.dpg.webp#
//m.360buyimg.com/mobilecms/s843x843_jfs/t1/6121/24/2475/57846/5bd128dfEfceaad8e/2751ba75b763aa9c.jpg!q70.dpg.webp#
//m.360buyimg.com/mobilecms/s843x843_jfs/t1/7420/30/2100/193734/5bd128e0E6bf3cda0/fc0b513e10a75892.png.webp#
//m.360buyimg.com/mobilecms/s843x843_jfs/t1/4975/18/11822/73081/5bd128e0Ef67679b6/628807a2a9ce8e01.jpg!q70.dpg.webp#
//m.360buyimg.com/mobilecms/s843x843_jfs/t1/1540/17/11938/568711/5bd128e0E4a73880d/69c2277dde05a97a.png.webp#
//m.360buyimg.com/mobilecms/s843x843_jfs/t1/6367/9/2377/172791/5bd128e0E24d64aaa/3c2aabdda02b07fd.png.webp#
//img30.360buyimg.com/sku/jfs/t1/35339/4/3757/92121/5cb974f9E7313b834/0e189449d8db0bbd.jpg#
//img30.360buyimg.com/sku/jfs/t1/30181/13/13042/114279/5cb974f9Ead228589/d6dfcc1ccded2692.jpg#
//img30.360buyimg.com/sku/jfs/t1/30636/37/13144/123131/5cb974f9E488992f4/96c36c7efaa86141.jpg#
//img30.360buyimg.com/sku/jfs/t1/34426/24/3777/45392/5cb974f9Ed1c5c6a9/1762d7e50963cc02.jpg#
//img30.360buyimg.com/sku/jfs/t1/32579/25/13034/51435/5cb974f9Ee80ffce6/39c639317cb5c266.jpg#
//img30.360buyimg.com/sku/jfs/t1/34800/33/3745/95326/5cb974f9Ee940365a/24a93829bd6a0af2.jpg#
//img30.360buyimg.com/sku/jfs/t1/33563/28/5214/136467/5cb974f9Ed54f7a03/86def8f7ccad1200.jpg#
//img30.360buyimg.com/sku/jfs/t1/34354/29/3641/65722/5cb974f9Ea4600bd1/7bd63a18088f6fce.jpg#
//img30.360buyimg.com/sku/jfs/t1/32683/4/13158/140350/5cb974f9Ecebbfbef/c9e3d2a2dd4f9b15.jpg#
//img30.360buyimg.com/sku/jfs/t1/31226/7/13117/92680/5cb974f9E28ebc2a9/d72976c4803e1c47.jpg#
//img30.360buyimg.com/sku/jfs/t1/33729/22/5221/80167/5cb974f9Eef5bf8bb/f7c43bf1c09c2807.jpg,
买的第二个，很不错,
小米9 4800万超广角三摄 6GB+128GB全息幻彩蓝 骁龙855 全网通4G 双卡双待 水滴全面屏拍照智能游戏手机#
//m.360buyimg.com/mobilecms/s750x750_jfs/t1/20934/9/14668/305219/5caac06cEb41f2374/a57323b77d9c53e5.jpg!q80.dpg.webp#
//m.360buyimg.com/mobilecms/s843x843_jfs/t1/7734/6/15470/209997/5c6fcbc9Ebd1c0f0b/e40b7b0dcac61c54.jpg!q70.dpg.webp#
//m.360buyimg.com/mobilecms/s843x843_jfs/t1/23456/24/7898/120571/5c6fcbc8E5e914f1e/7667c3f40823764d.jpg!q70.dpg.webp#
//m.360buyimg.com/mobilecms/s843x843_jfs/t1/10372/10/11648/26238/5c6fcbc8E44b2379b/093a366897bf3460.jpg!q70.dpg.webp#
//m.360buyimg.com/mobilecms/s843x843_jfs/t1/9469/35/15362/114676/5c6fcbc8E1adf47da/1f0dc97dc0ec8317.jpg!q70.dpg.webp#
//m.360buyimg.com/mobilecms/s843x843_jfs/t1/21122/39/7759/138274/5c6fcbc8Eca37d80b/fb61dcbc7190b422.jpg!q70.dpg.webp#
//m.360buyimg.com/mobilecms/s843x843_jfs/t1/21122/39/7759/138274/5c6fcbc8Eca37d80b/fb61dcbc7190b422.jpg!q70.dpg.webp#
//img30.360buyimg.com/sku/jfs/t1/29783/14/11838/389194/5c91e0c1E5dc3994c/516e5a8e3e7383d2.jpg#
//img30.360buyimg.com/sku/jfs/t1/24795/38/13120/56318/5c9c8178Eb0e52d4a/b3967dd45b3440ca.jpg#
//img30.360buyimg.com/sku/jfs/t1/11503/9/8281/214395/5c6cd5b0Ee8e8be8c/ad8f7ba1052e6192.jpg#
//img30.360buyimg.com/sku/jfs/t1/28808/25/8314/279916/5c74a97aEa7f3785b/4c2807a75014616d.jpg#
//img30.360buyimg.com/sku/jfs/t1/6513/31/15610/269613/5c6cd5b0E00012134/3f219806b8e1bbdd.jpg#
//img30.360buyimg.com/sku/jfs/t1/16530/4/15132/282411/5caea342E527107f3/4885011e8e0f7175.jpg#
//img30.360buyimg.com/sku/jfs/t1/15612/18/7511/178874/5c6ce404Ee15bdca9/48feb8bc1545f959.jpg#
//img30.360buyimg.com/sku/jfs/t1/22356/7/7575/169366/5c6cd5b0Ebf5a068f/fba73416b25c32f3.jpg#
//img30.360buyimg.com/sku/jfs/t1/25044/14/7469/211228/5c6cd5b0E5584a682/ae4f4aaec812f0e1.jpg,
买的第二个，很不错,
Apple iPhone XR (A2108) 128GB 黑色 移动联通电信4G手机 双卡双待,
//m.360buyimg.com/mobilecms/s750x750_jfs/t1/3405/18/3537/69901/5b997c0aE5dc8ed9f/a2c208410ae84d1f.jpg!q80.dpg.webp#
//m.360buyimg.com/mobilecms/s843x843_jfs/t1/4394/21/3522/68010/5b997c0aE91c7291d/b8494bf281991f94.jpg!q70.dpg.webp#
//m.360buyimg.com/mobilecms/s843x843_jfs/t1/14660/26/3510/75469/5c26e061E76085e31/ef55ef9e2bf8cb84.jpg!q70.dpg.webp#
//img12.360buyimg.com/cms/jfs/t1/32733/34/4713/266246/5c7f7c83E794ec9a6/2edcc8395adfc5c6.jpg!q70.dpg.webp#
//img14.360buyimg.com/cms/jfs/t1/15586/30/9610/345832/5c7f7c83Ebc6ed982/df29ca94422a4742.jpg!q70.dpg.webp#
//img12.360buyimg.com/cms/jfs/t1/10563/32/13123/428317/5c7f7c83E429190db/53fc838f50422749.jpg!q70.dpg.webp#
//img12.360buyimg.com/cms/jfs/t1/15924/1/9422/318810/5c7f7c83E97589c96/4ccb2b239e4d3037.jpg!q70.dpg.webp,
买的第二个，很不错，,,显示效果:显示效果很好，色彩很清晰。运行速度:系统运行速度很快，玩游戏很给力!通信音质:通话音质好，音量很大。电池续航:电池很好，带电功能强。拍照效果:照片清晰度完美，色彩完美。其他特色:外形也很耐斯，手感不错。
创维（SKYWORTH）50V20 50英寸4K超高清 15核HDR画质 AI人工智能语音 网络电视,
//m.360buyimg.com/mobilecms/s750x750_jfs/t1/17047/4/11957/263172/5c94ae00E250aaa59/6eba4a1fccb2045b.jpg!q80.dpg.webp#
//m.360buyimg.com/mobilecms/s843x843_jfs/t1/23864/27/12151/56266/5c94adfcEfd6a07b0/83f200a0d189b5c9.jpg!q70.dpg.webp#
//m.360buyimg.com/mobilecms/s843x843_jfs/t1/19946/14/12077/63871/5c94adfcE88097c41/de2c584f1f9de958.jpg!q70.dpg.webp#
//m.360buyimg.com/mobilecms/s843x843_jfs/t1/22044/12/12169/81576/5c94adfdE1b9a1060/91e5da70f6cba578.jpg!q70.dpg.webp#
//m.360buyimg.com/mobilecms/s843x843_jfs/t1/17772/36/12008/12534/5c94adfdEec5d0b1f/062c7159a5751fe5.jpg!q70.dpg.webp#
//m.360buyimg.com/mobilecms/s843x843_jfs/t1/14865/6/12140/15468/5c94adfdE99b32024/144cf07a8fb2bd7e.jpg!q70.dpg.webp#
//m.360buyimg.com/mobilecms/s843x843_jfs/t1/31330/2/7167/174851/5c94adffE41ee883a/596b3905fd6060fc.jpg!q70.dpg.webp#
//img30.360buyimg.com/sku/jfs/t1/60782/26/1443/112740/5cfb3fc6Eea8f71fb/895b27b3f20171ef.jpg#
//img30.360buyimg.com/sku/jfs/t1/69861/37/1434/71483/5cfb3fc5Ecc46dcab/91c1f92465d7d1fc.jpg#
//m.360buyimg.com/mobilecms/s843x843_jfs/t1/22044/12/12169/81576/5c94adfdE1b9a1060/91e5da70f6cba578.jpg!q70.dpg.webp#
//img30.360buyimg.com/sku/jfs/t1/79842/20/1410/50598/5cfb3fc5E3472f1be/933518a076676a84.jpg#
//img30.360buyimg.com/sku/jfs/t1/49251/11/2455/118732/5d03564bE55da728b/99dfc7374a063cac.jpg#
//img30.360buyimg.com/sku/jfs/t1/11532/21/11864/65532/5c8b06f5Eaa7634cf/9edb6939c073fed8.jpg#
//img30.360buyimg.com/sku/jfs/t1/41201/19/6086/137293/5cfb3fc5Ef0786f76/9f4e70b3de9837b0.jpg#
//img30.360buyimg.com/sku/jfs/t1/75402/2/1392/91333/5cfb3fc5E38e4434d/9fc0aeb6d67ab302.jpg#
//img30.360buyimg.com/sku/jfs/t1/43082/28/6131/64145/5cfb3fc5E97f9a211/a815631078e660f9.jpg#
//img30.360buyimg.com/sku/jfs/t1/11671/39/11829/61826/5c8b06f6E5ed6ed7b/b00f6c08b2c06185.jpg#
//img30.360buyimg.com/sku/jfs/t1/80184/18/1384/95980/5cfb3fc5E9144f939/b184d6b0bdd37096.jpg#
//img30.360buyimg.com/sku/jfs/t1/78351/13/1410/20825/5cfb3fc5Efd9920cf/c41c8433c5238b8d.jpg#
//img30.360buyimg.com/sku/jfs/t1/16344/11/10742/59329/5c8b06f5E03c176b6/d2c367ea64d812b6.jpg#
//img30.360buyimg.com/sku/jfs/t1/53322/23/1889/32127/5cfb3fc5Eeb6dcd4e/d4570cb028dc3fea.jpg,
买的第二个，很不错，,,
华为（HUAWEI）Nova4 极点全面屏6.4英寸 超广角三摄 支持人脸识别 麒麟970 手机 贝母白 4800万超广角三摄8+128G,
//m.360buyimg.com/mobilecms/s750x750_jfs/t1/27145/26/9468/129026/5c7f3661Ed4204b81/16354609b896296d.jpg!q80.dpg.webp#
//m.360buyimg.com/mobilecms/s843x843_jfs/t1/19969/8/9511/128651/5c7f3661E31d5672b/b5f2b43f82e871b3.jpg!q70.dpg.webp#
//m.360buyimg.com/mobilecms/s843x843_jfs/t1/29425/24/9464/112061/5c7f3681E2f25a131/f49f31ef75f064c1.jpg!q70.dpg.webp#
//m.360buyimg.com/mobilecms/s843x843_jfs/t1/23860/8/9513/79742/5c7f363cEc07defb2/f1a79117eba68f4d.jpg!q70.dpg.webp#
//m.360buyimg.com/mobilecms/s843x843_jfs/t1/23607/30/9553/70318/5c7f3656Efea4aee4/a3192b1c017d577d.jpg!q70.dpg.webp#
//m.360buyimg.com/mobilecms/s843x843_jfs/t1/10126/27/13184/67740/5c7f366eEa27ff51d/6f55a7d0a086dc6b.jpg!q70.dpg.webp#
//m.360buyimg.com/mobilecms/s843x843_jfs/t1/31086/32/4693/40019/5c7f3645Ee8c61085/d2116722601e013e.jpg!q70.dpg.webp#
//img10.360buyimg.com/imgzone/jfs/t1/16484/39/12147/317979/5c96092dEc646f21a/01b5dfe75f624e71.jpg!q70.dpg.webp#
//img13.360buyimg.com/imgzone/jfs/t1/14686/40/12321/207051/5c960931E2c164821/b2b792b54bb63de2.jpg!q70.dpg.webp#
//img12.360buyimg.com/imgzone/jfs/t1/26643/28/12282/239370/5c960931Eb4b1412c/8fc75aad9b9cf408.jpg!q70.dpg.webp#
//img13.360buyimg.com/imgzone/jfs/t1/14686/40/12321/207051/5c960931E2c164821/b2b792b54bb63de2.jpg!q70.dpg.webp#
//img12.360buyimg.com/imgzone/jfs/t1/20793/12/12243/241941/5c96092dEeda672a8/c34cc71c16d4eb20.jpg!q70.dpg.webp#
//img13.360buyimg.com/imgzone/jfs/t1/14963/24/12282/131250/5c96092eE858d41d6/05506a21140f9263.jpg!q70.dpg.webp#
//img14.360buyimg.com/imgzone/jfs/t1/29530/8/12157/145852/5c96092eEd937c00a/eb6566a77468a724.jpg!q70.dpg.webp#
//img10.360buyimg.com/imgzone/jfs/t1/10851/39/15771/210595/5c9628dfE3e0d1b05/557a76619e969c1b.jpg!q70.dpg.webp#
//img10.360buyimg.com/imgzone/jfs/t1/17031/18/12091/173593/5c96092fEd488f310/7c474eb3a416be2b.jpg!q70.dpg.webp#
//img12.360buyimg.com/imgzone/jfs/t1/17744/31/12213/195649/5c96092fEd338573f/cd25ad923938317e.jpg!q70.dpg.webp#
//img13.360buyimg.com/imgzone/jfs/t1/27150/12/12090/212272/5c96092fE2a9bed44/0f513548d87443d7.jpg!q70.dpg.webp#
//img10.360buyimg.com/imgzone/jfs/t1/24864/40/12173/208254/5c960930E62a5db1e/852c372eec3c40c3.jpg!q70.dpg.webp#
//img12.360buyimg.com/imgzone/jfs/t1/23868/27/12224/202996/5c960930Efc11fd55/2992c39d57717049.jpg!q70.dpg.webp#
//img12.360buyimg.com/imgzone/jfs/t1/22540/36/12243/208714/5c960930Ec047884e/e9af3e25064b07e2.jpg!q70.dpg.webp,
买的第二个，很不错,





(1690,'//img11.360buyimg.com/mobilecms/s455x455_jfs/t1/44508/17/2141/296191/5cf50c0bE8ef54e2e/f5cb302c05ac9ba9.jpg!q70.dpg.webp','  飞利浦（PHILIPS）65PUF6023/T3?65英寸?人工智能?4K超高清HDR??二级能效?网络智能液晶电视机  ',2899,3478,300,1,1,100008,'电视','无',200,'电视',101),
(1691,'//img13.360buyimg.com/mobilecms/s455x455_jfs/t1/55611/23/1753/369941/5cf77035Eecf4d7b2/c2606129a9898440.jpg!q70.dpg.webp','  飞利浦（PHILIPS）50PUF7093/T3?50英寸人工智能语音?4K超高清?2+32G超大内存?安卓7.0?网络智能液晶电视机  ',2299,2758,300,1,1,100008,'电视','无',200,'电视',101),
(1692,'//img14.360buyimg.com/mobilecms/s455x455_jfs/t1/6605/9/2451/113789/5bd159b5E8036ce07/a586d0cbaaf754ec.jpg!q70.dpg.webp','  海信（Hisense）HZ75E5A??75英寸?超高清4K?HDR??全金属机身???MEMC运动补偿??AI人工智能液晶电视机  ',7199,8638,300,1,1,100008,'电视','无',200,'电视',101),
(1693,'//img12.360buyimg.com/mobilecms/s455x455_jfs/t1/56191/1/739/330357/5ce6340aEd6d2293e/b3fa27c8dcf581bd.jpg!q70.dpg.webp','   长虹?50D5S?50英寸4K超高清?HDR智能平板LED液晶电视机（黑色）  ',1799,2158,300,1,1,100008,'电视','无',200,'电视',101),
(1694,'//img12.360buyimg.com/mobilecms/s455x455_jfs/t27133/319/2671203674/158361/edd1e039/5cd8c617N387b2c0b.jpg!q70.dpg.webp','  海信（Hisense）HZ70E3D?70英寸?4K?HDR大屏?全金属机身?智慧语音电视机  ',4499,5398,300,1,1,100008,'电视','无',200,'电视',101),
(1695,'//img14.360buyimg.com/mobilecms/s455x455_jfs/t1/644/39/12068/112811/5bd1599fE11e0c410/90aa7c99796ddb40.jpg!q70.dpg.webp','  海信（Hisense）HZ65E5A?65英寸?超高清4K?HDR??Unibody一体超薄??AI人工智能液晶电视机  ',4599,5518,300,1,1,100008,'电视','无',200,'电视',101),
(1696,'//img11.360buyimg.com/mobilecms/s455x455_jfs/t1/33640/26/8982/257470/5cc804cfE8d4e0097/ff2246e76b02816c.jpg!q70.dpg.webp','  创维（SKYWORTH）65V20?65英寸4K超高清?15核HDR画质?AI人工智能语音?网络电视  ',2999,3598,300,1,1,100008,'电视','无',200,'电视',101),
(1697,'//img13.360buyimg.com/mobilecms/s455x455_jfs/t1/64881/24/2418/264825/5d0b2cf8E8edde7f9/d5ade4c613964fa1.jpg!q70.dpg.webp','  东芝（TOSHIBA）55U6780C?55英寸?人工智能语音曲面4K超高清?2G+16G大内存液晶电视机  ',2799,3358,300,1,1,100008,'电视','无',200,'电视',101),
(1698,'//img14.360buyimg.com/mobilecms/s455x455_jfs/t1/64335/15/2385/231827/5d0b80a7E4e80859c/351b668dd5cd7f6a.jpg!q70.dpg.webp','  三星（SAMSUNG）UA65NUC30SJXXZ?65英寸?曲面4K超高清?HDR?局域控光?IMAX影院级体验?网络智能液晶电视机  ',5999,7198,300,1,1,100008,'电视','无',200,'电视',101),
